TRUE,1,Cartepie,Criatura,https://repositorio.sbrauble.com//arquivos/in/pokemon_bkp/cd/654/67e5a8a41f6c7-wf7xz-uzg1w-040edb458cc4e3c466bcacfea9a6defb.jpg,0.07,,Comum
TRUE,2,Metapod,Criatura,https://repositorio.sbrauble.com//arquivos/in/pokemon_bkp/cd/654/67e5a8a5f3c7a-jext5-fk9qw-040edb458cc4e3c466bcacfea9a6defb.jpg,0.10,,Comum
TRUE,3,Butterfree,Criatura,https://repositorio.sbrauble.com//arquivos/in/pokemon_bkp/cd/654/67e5a8a7bb7cb-krvzy-bcy7l-040edb458cc4e3c466bcacfea9a6defb.jpg,0.12,,Rara
TRUE,4,Paras,Criatura,https://repositorio.sbrauble.com//arquivos/in/pokemon_bkp/cd/654/67e5a8a99b285-ei2wt-t79pl-040edb458cc4e3c466bcacfea9a6defb.jpg,0.08,,Comum
TRUE,5,Parasect,Criatura,https://repositorio.sbrauble.com//arquivos/in/pokemon_bkp/cd/654/67e5a8ab69aa9-j7zq9-n4x2g-040edb458cc4e3c466bcacfea9a6defb.jpg,0.09,,Comum
TRUE,6,Petilil,Criatura,https://repositorio.sbrauble.com//arquivos/in/pokemon_bkp/cd/654/67e5a8ad3cf7d-jkpic-xbf5h-040edb458cc4e3c466bcacfea9a6defb.jpg,0.09,,Comum
TRUE,7,Lilligant,Criatura,https://repositorio.sbrauble.com//arquivos/in/pokemon_bkp/cd/654/67e5a8af0f86b-7temu-hdar5-040edb458cc4e3c466bcacfea9a6defb.jpg,0.09,,Comum
TRUE,8,Maractus,Criatura,https://repositorio.sbrauble.com//arquivos/in/pokemon_bkp/cd/654/67e5a8b0cda09-h46y2-mi8v9-040edb458cc4e3c466bcacfea9a6defb.jpg,0.11,,Incomum
TRUE,9,Karrablast,Criatura,https://repositorio.sbrauble.com//arquivos/in/pokemon_bkp/cd/654/67e5a8b2a1701-ham9n-olrtp-040edb458cc4e3c466bcacfea9a6defb.jpg,0.09,,Comum
TRUE,10,Foongus,Criatura,https://repositorio.sbrauble.com//arquivos/in/pokemon_bkp/cd/654/67e5a8b4594f8-9fud4-ay9gp-040edb458cc4e3c466bcacfea9a6defb.jpg,0.08,,Comum
TRUE,11,Amoonguss EX,Criatura,https://repositorio.sbrauble.com//arquivos/in/pokemon_bkp/cd/654/67e5a8b61dbb6-cjfmw-wydzi-040edb458cc4e3c466bcacfea9a6defb.jpg,2.63,,Dupla Rara
TRUE,12,Shelmet,Criatura,https://repositorio.sbrauble.com//arquivos/in/pokemon_bkp/cd/654/67e5a8b7dcc9b-160vn-8gpvx-040edb458cc4e3c466bcacfea9a6defb.jpg,0.08,,Comum
TRUE,13,Accelgor,Criatura,https://repositorio.sbrauble.com//arquivos/in/pokemon_bkp/cd/654/67e5a8b99ae0e-kpic8-vup9o-040edb458cc4e3c466bcacfea9a6defb.jpg,0.08,,Incomum
TRUE,14,Durant,Criatura,https://repositorio.sbrauble.com//arquivos/in/pokemon_bkp/cd/654/67e5a8bb5eccc-q83dr-23k7y-040edb458cc4e3c466bcacfea9a6defb.jpg,0.08,,Comum
TRUE,15,Virizion,Criatura,https://repositorio.sbrauble.com//arquivos/in/pokemon_bkp/cd/654/67e5a8bd20e0a-c5ymp-vbd1q-040edb458cc4e3c466bcacfea9a6defb.jpg,0.09,,Incomum
TRUE,16,Sprigatito,Criatura,https://repositorio.sbrauble.com//arquivos/in/pokemon_bkp/cd/654/67e5a8bedd4fd-05wat-5bvnt-040edb458cc4e3c466bcacfea9a6defb.jpg,0.08,,Comum
TRUE,17,Floragato,Criatura,https://repositorio.sbrauble.com//arquivos/in/pokemon_bkp/cd/654/67e5a8c0a525c-zulcf-hokzv-040edb458cc4e3c466bcacfea9a6defb.jpg,0.08,,Comum
TRUE,18,Meowscarada,Criatura,https://repositorio.sbrauble.com//arquivos/in/pokemon_bkp/cd/654/67e5a8c279e38-orb35-80mku-040edb458cc4e3c466bcacfea9a6defb.jpg,0.15,,Rara
TRUE,19,Nymble,Criatura,https://repositorio.sbrauble.com//arquivos/in/pokemon_bkp/cd/654/67e5a8c4381f3-uib4z-4vjr0-040edb458cc4e3c466bcacfea9a6defb.jpg,0.08,,Comum
TRUE,20,Magmar,Criatura,https://repositorio.sbrauble.com//arquivos/in/pokemon_bkp/cd/654/67e5a8c5d6e88-20owp-c1zuo-040edb458cc4e3c466bcacfea9a6defb.jpg,0.13,,Comum
TRUE,21,Magmortar,Criatura,https://repositorio.sbrauble.com//arquivos/in/pokemon_bkp/cd/654/67e5a8c79b90b-83b9c-me83p-040edb458cc4e3c466bcacfea9a6defb.jpg,0.22,,Rara
TRUE,22,Torchic,Criatura,https://repositorio.sbrauble.com//arquivos/in/pokemon_bkp/cd/654/67e5a8c971f3c-nycg0-6fdwo-040edb458cc4e3c466bcacfea9a6defb.jpg,0.13,,Comum
TRUE,23,Combusken,Criatura,https://repositorio.sbrauble.com//arquivos/in/pokemon_bkp/cd/654/67e5a8cb3102d-l62bj-9hls3-040edb458cc4e3c466bcacfea9a6defb.jpg,0.13,,Incomum
TRUE,24,Blaziken EX,Criatura,https://repositorio.sbrauble.com//arquivos/in/pokemon_bkp/cd/654/67e5a8cd2ae30-dquj4-sxfrt-040edb458cc4e3c466bcacfea9a6defb.jpg,13.8,,Dupla Rara
TRUE,25,Torkoal,Criatura,https://repositorio.sbrauble.com//arquivos/in/pokemon_bkp/cd/654/67e5a8cee308e-kid23-wcnfy-040edb458cc4e3c466bcacfea9a6defb.jpg,0.15,,Comum
TRUE,26,N's Darumaka,Criatura,https://repositorio.sbrauble.com//arquivos/in/pokemon_bkp/cd/654/67e5a8d0a700d-pfagr-o392u-040edb458cc4e3c466bcacfea9a6defb.jpg,0.13,,Comum
TRUE,27,N's Darmanitan,Criatura,https://repositorio.sbrauble.com//arquivos/in/pokemon_bkp/cd/654/67e5a8d2731bb-s7xkz-qsv1w-040edb458cc4e3c466bcacfea9a6defb.jpg,0.12,,Incomum
TRUE,28,Laversta,Criatura,https://repositorio.sbrauble.com//arquivos/in/pokemon_bkp/cd/654/67e5a8d43fdfc-ztmh3-j5lvn-040edb458cc4e3c466bcacfea9a6defb.jpg,0.12,,Comum
TRUE,29,Volcarona,Criatura,https://repositorio.sbrauble.com//arquivos/in/pokemon_bkp/cd/654/67e5a8d6040ae-873gy-tnpwr-040edb458cc4e3c466bcacfea9a6defb.jpg,0.12,,Incomum
TRUE,30,Reshiram EX,Criatura,https://repositorio.sbrauble.com//arquivos/in/pokemon_bkp/cd/654/67e5a8d7c6ff8-bpoyc-h3dfy-040edb458cc4e3c466bcacfea9a6defb.jpg,4.00,,Dupla Rara
TRUE,31,Volcanion EX,Criatura,https://repositorio.sbrauble.com//arquivos/in/pokemon_bkp/cd/654/67e5a8d992614-tbhid-gtwdf-040edb458cc4e3c466bcacfea9a6defb.jpg,5.49,,Dupla Rara
TRUE,32,Articuno,Criatura,https://repositorio.sbrauble.com//arquivos/in/pokemon_bkp/cd/654/67e5a8db58acd-e6hcs-dahcg-040edb458cc4e3c466bcacfea9a6defb.jpg,0.14,,Incomum
TRUE,33,Remoraid,Criatura,https://repositorio.sbrauble.com//arquivos/in/pokemon_bkp/cd/654/67e5a8dd2225e-z279k-z30u7-040edb458cc4e3c466bcacfea9a6defb.jpg,0.07,,Comum
TRUE,34,Octillery,Criatura,https://repositorio.sbrauble.com//arquivos/in/pokemon_bkp/cd/654/67e5a8dee2ac7-axr3h-dfkzx-040edb458cc4e3c466bcacfea9a6defb.jpg,0.13,,Incomum
TRUE,35,Lotad,Criatura,https://repositorio.sbrauble.com//arquivos/in/pokemon_bkp/cd/654/67e5a8e0a5212-l9iq7-x5u6r-040edb458cc4e3c466bcacfea9a6defb.jpg,0.12,,Comum
TRUE,36,Lombre,Criatura,https://repositorio.sbrauble.com//arquivos/in/pokemon_bkp/cd/654/67e5a8e277ae1-or2fs-x3zqg-040edb458cc4e3c466bcacfea9a6defb.jpg,0.10,,Comum
TRUE,37,Ludicolo,Criatura,https://repositorio.sbrauble.com//arquivos/in/pokemon_bkp/cd/654/67e5a8e455675-15m4c-92j6q-040edb458cc4e3c466bcacfea9a6defb.jpg,0.25,,Rara
TRUE,38,Wingull,Criatura,https://repositorio.sbrauble.com//arquivos/in/pokemon_bkp/cd/654/67e5a8e60f873-k2tle-omxbv-040edb458cc4e3c466bcacfea9a6defb.jpg,0.09,,Comum
TRUE,39,Pelipper,Criatura,https://repositorio.sbrauble.com//arquivos/in/pokemon_bkp/cd/654/67e5a8e7c608e-7jmw0-ir9x8-040edb458cc4e3c466bcacfea9a6defb.jpg,0.12,,Incomum
TRUE,40,Wailmer,Criatura,https://repositorio.sbrauble.com//arquivos/in/pokemon_bkp/cd/654/67e5a8e995015-zif54-xal85-040edb458cc4e3c466bcacfea9a6defb.jpg,0.10,,Comum
TRUE,41,Wailord,Criatura,https://repositorio.sbrauble.com//arquivos/in/pokemon_bkp/cd/654/67e5a8eb667d0-gr2o6-fojnd-040edb458cc4e3c466bcacfea9a6defb.jpg,0.22,,Rara
TRUE,42,Regice,Criatura,https://repositorio.sbrauble.com//arquivos/in/pokemon_bkp/cd/654/67e5a8ed2bf5e-aqfel-6mg9c-040edb458cc4e3c466bcacfea9a6defb.jpg,0.11,,Incomum
TRUE,43,Veluza EX,Criatura,https://repositorio.sbrauble.com//arquivos/in/pokemon_bkp/cd/654/67e5a8eee68c4-fcumg-upnsb-040edb458cc4e3c466bcacfea9a6defb.jpg,3.00,,Dupla Rara
TRUE,44,Geodude de Alola,Criatura,https://repositorio.sbrauble.com//arquivos/in/pokemon_bkp/cd/654/67e5a8f0af2db-pjmle-umn0k-040edb458cc4e3c466bcacfea9a6defb.jpg,0.12,,Comum
TRUE,45,Graveler de Alola,Criatura,https://repositorio.sbrauble.com//arquivos/in/pokemon_bkp/cd/654/67e5a8f27823b-dqbpw-b4xdg-040edb458cc4e3c466bcacfea9a6defb.jpg,0.14,,Comum
TRUE,46,Golen de Alola,Criatura,https://repositorio.sbrauble.com//arquivos/in/pokemon_bkp/cd/654/67e5a8f4417e2-p2qe3-ng6bh-040edb458cc4e3c466bcacfea9a6defb.jpg,0.13,,Incomum
TRUE,47,Iono's Voltorb,Criatura,https://repositorio.sbrauble.com//arquivos/in/pokemon_bkp/cd/654/67e5a8f606377-qowix-0me18-040edb458cc4e3c466bcacfea9a6defb.jpg,0.10,,Comum
TRUE,48,Iono's Electrode,Criatura,https://repositorio.sbrauble.com//arquivos/in/pokemon_bkp/cd/654/67e5a8f7c816e-2eiul-stvg4-040edb458cc4e3c466bcacfea9a6defb.jpg,0.13,,Incomum
TRUE,49,N's Joltik,Criatura,https://repositorio.sbrauble.com//arquivos/in/pokemon_bkp/cd/654/67e5a8f99e870-o9s5t-p84lj-040edb458cc4e3c466bcacfea9a6defb.jpg,0.08,,Comum
TRUE,50,Togedemaru,Criatura,https://repositorio.sbrauble.com//arquivos/in/pokemon_bkp/cd/654/67e5a8fb67f0b-yzrsk-tng68-040edb458cc4e3c466bcacfea9a6defb.jpg,0.12,,Comum
TRUE,51,Tapu Koko EX,Criatura,https://repositorio.sbrauble.com//arquivos/in/pokemon_bkp/cd/654/67e5a8fd2fb52-2z0lu-wz4rx-040edb458cc4e3c466bcacfea9a6defb.jpg,4.00,,Dupla Rara
TRUE,52,Iono's Tadbulb,Criatura,https://repositorio.sbrauble.com//arquivos/in/pokemon_bkp/cd/654/67e5a8fee3112-ha2pe-kf54i-040edb458cc4e3c466bcacfea9a6defb.jpg,0.14,,Comum
TRUE,53,Iono's Bellibolt EX,Criatura,https://repositorio.sbrauble.com//arquivos/in/pokemon_bkp/cd/654/67e5a900a670e-buh7x-icrx7-040edb458cc4e3c466bcacfea9a6defb.jpg,5.90,,Dupla Rara
TRUE,54,Iono's Wattrel,Criatura,https://repositorio.sbrauble.com//arquivos/in/pokemon_bkp/cd/654/67e5a90272526-5zf93-d6m4h-040edb458cc4e3c466bcacfea9a6defb.jpg,0.16,,Comum
TRUE,55,Iono's Kilowattrel,Criatura,https://repositorio.sbrauble.com//arquivos/in/pokemon_bkp/cd/654/67e5a9043abfa-bm74a-3c8fu-040edb458cc4e3c466bcacfea9a6defb.jpg,0.17,,Rara
TRUE,56,Lillian's Clefairy EX,Criatura,https://repositorio.sbrauble.com//arquivos/in/pokemon_bkp/cd/654/67e5a9060acbd-ho18g-90v5w-040edb458cc4e3c466bcacfea9a6defb.jpg,18.9,,Dupla Rara
TRUE,57,Marowak de Alola,Criatura,https://repositorio.sbrauble.com//arquivos/in/pokemon_bkp/cd/654/67e5a907cac63-hugxs-50jht-040edb458cc4e3c466bcacfea9a6defb.jpg,0.11,,Incomum
TRUE,58,Mr. Mime,Criatura,https://repositorio.sbrauble.com//arquivos/in/pokemon_bkp/cd/654/67e5a909b40fa-gi2th-bson9-040edb458cc4e3c466bcacfea9a6defb.jpg,0.14,,Comum
TRUE,59,Shuppet,Criatura,https://repositorio.sbrauble.com//arquivos/in/pokemon_bkp/cd/654/67e5a90b75c1d-dvj8f-o69ud-040edb458cc4e3c466bcacfea9a6defb.jpg,0.14,,Comum
TRUE,60,Banette,Criatura,https://repositorio.sbrauble.com//arquivos/in/pokemon_bkp/cd/654/67e5a90d4c8f1-mrp4d-k4cwu-040edb458cc4e3c466bcacfea9a6defb.jpg,0.14,,Incomum
TRUE,61,Beldum,Criatura,https://repositorio.sbrauble.com//arquivos/in/pokemon_bkp/cd/654/67e5a90f0d357-wbo4n-qmu24-040edb458cc4e3c466bcacfea9a6defb.jpg,0.11,,Comum
TRUE,62,Metang,Criatura,https://repositorio.sbrauble.com//arquivos/in/pokemon_bkp/cd/654/67e5a910c98e9-mfe9o-wmsqb-040edb458cc4e3c466bcacfea9a6defb.jpg,0.14,,Comum
TRUE,63,Metagross,Criatura,https://repositorio.sbrauble.com//arquivos/in/pokemon_bkp/cd/654/67e5a91288d20-607uf-uxgs2-040edb458cc4e3c466bcacfea9a6defb.jpg,0.20,,Rara
TRUE,64,N's Sigilyph,Criatura,https://repositorio.sbrauble.com//arquivos/in/pokemon_bkp/cd/654/67e5a91449a8b-g6lkj-2oey4-040edb458cc4e3c466bcacfea9a6defb.jpg,0.12,,Comum
TRUE,65,Oricorio,Criatura,https://repositorio.sbrauble.com//arquivos/in/pokemon_bkp/cd/654/67e5a9160ab9f-nqrs7-hlqty-040edb458cc4e3c466bcacfea9a6defb.jpg,0.14,,Comum
TRUE,66,Lillian's Cutiefly,Criatura,https://repositorio.sbrauble.com//arquivos/in/pokemon_bkp/cd/654/67e5a917c3bb9-284pw-xh527-040edb458cc4e3c466bcacfea9a6defb.jpg,0.13,,Comum
TRUE,67,Lillian's Ribombee,Criatura,https://repositorio.sbrauble.com//arquivos/in/pokemon_bkp/cd/654/67e5a9199195f-40rfd-xl4n6-040edb458cc4e3c466bcacfea9a6defb.jpg,0.16,,Rara
TRUE,68,Lillian's Comfey,Criatura,https://repositorio.sbrauble.com//arquivos/in/pokemon_bkp/cd/654/67e5a91b63e55-7wo9p-7f1uh-040edb458cc4e3c466bcacfea9a6defb.jpg,0.17,,Comum
TRUE,69,Mimikyu EX,Criatura,https://repositorio.sbrauble.com//arquivos/in/pokemon_bkp/cd/654/67e5a91d2daff-v7xph-3jq0h-040edb458cc4e3c466bcacfea9a6defb.jpg,5.00,,Dupla Rara
TRUE,70,Dhelmise,Criatura,https://repositorio.sbrauble.com//arquivos/in/pokemon_bkp/cd/654/67e5a91f0ddce-7nfdi-3z9y7-040edb458cc4e3c466bcacfea9a6defb.jpg,0.14,,Comum
TRUE,71,Impidimp,Criatura,https://repositorio.sbrauble.com//arquivos/in/pokemon_bkp/cd/654/67e5a920f40e8-mp6tg-tecv4-040edb458cc4e3c466bcacfea9a6defb.jpg,0.09,,Comum
TRUE,72,Morgrem,Criatura,https://repositorio.sbrauble.com//arquivos/in/pokemon_bkp/cd/654/67e5a922bfab9-jce0o-f319t-040edb458cc4e3c466bcacfea9a6defb.jpg,0.12,,Comum
TRUE,73,Grimmsnarl,Criatura,https://repositorio.sbrauble.com//arquivos/in/pokemon_bkp/cd/654/67e5a9248620c-xl38s-8hg79-040edb458cc4e3c466bcacfea9a6defb.jpg,0.14,,Incomum
TRUE,74,Milcery,Criatura,https://repositorio.sbrauble.com//arquivos/in/pokemon_bkp/cd/654/67e5a926511bf-d964f-4u2ob-040edb458cc4e3c466bcacfea9a6defb.jpg,0.08,,Comum
TRUE,75,Alcremie EX,Criatura,https://repositorio.sbrauble.com//arquivos/in/pokemon_bkp/cd/654/67e5a9286e889-7t1iz-fe9ql-040edb458cc4e3c466bcacfea9a6defb.jpg,3.96,,Dupla Rara
TRUE,76,Cubone,Criatura,https://repositorio.sbrauble.com//arquivos/in/pokemon_bkp/cd/654/67e5a92a46414-gh8f1-dvhi8-040edb458cc4e3c466bcacfea9a6defb.jpg,0.13,,Comum
TRUE,77,Swinub,Criatura,https://repositorio.sbrauble.com//arquivos/in/pokemon_bkp/cd/654/67e5a92c0e99a-0cr4w-n72dc-040edb458cc4e3c466bcacfea9a6defb.jpg,0.11,,Comum
TRUE,78,Piloswine,Criatura,https://repositorio.sbrauble.com//arquivos/in/pokemon_bkp/cd/654/67e5a92dc93f2-pnj75-5qr89-040edb458cc4e3c466bcacfea9a6defb.jpg,0.11,,Comum
TRUE,79,Mamoswine EX,Criatura,https://repositorio.sbrauble.com//arquivos/in/pokemon_bkp/cd/654/67e5a92f8ad7f-lw0s4-o3tqb-040edb458cc4e3c466bcacfea9a6defb.jpg,6.99,,Dupla Rara
TRUE,80,Larvitar,Criatura,https://repositorio.sbrauble.com//arquivos/in/pokemon_bkp/cd/654/67e5a9315461b-7uvr0-2hu5z-040edb458cc4e3c466bcacfea9a6defb.jpg,0.10,,Comum
TRUE,81,Pupitar,Criatura,https://repositorio.sbrauble.com//arquivos/in/pokemon_bkp/cd/654/67e5a93328534-nrp5z-xvz7h-040edb458cc4e3c466bcacfea9a6defb.jpg,0.10,,Comum
TRUE,82,Regirock,Criatura,https://repositorio.sbrauble.com//arquivos/in/pokemon_bkp/cd/654/67e5a934eba26-grcdx-h1l6f-040edb458cc4e3c466bcacfea9a6defb.jpg,0.16,,Rara
TRUE,83,Pancham,Criatura,https://repositorio.sbrauble.com//arquivos/in/pokemon_bkp/cd/654/67e5a936d3cba-fgokl-lgpd7-040edb458cc4e3c466bcacfea9a6defb.jpg,0.12,,Comum
TRUE,84,Rockruff,Criatura,https://repositorio.sbrauble.com//arquivos/in/pokemon_bkp/cd/654/67e5a9389efda-d32ea-69u01-040edb458cc4e3c466bcacfea9a6defb.jpg,0.10,,Comum
TRUE,85,Lycanroc,Criatura,https://repositorio.sbrauble.com//arquivos/in/pokemon_bkp/cd/654/67e5a93a76344-qf7jk-89pol-040edb458cc4e3c466bcacfea9a6defb.jpg,0.27,,Rara
TRUE,86,Hop's Silicobra,Criatura,https://repositorio.sbrauble.com//arquivos/in/pokemon_bkp/cd/654/67e5a93c4625c-8wyil-ezsqu-040edb458cc4e3c466bcacfea9a6defb.jpg,0.13,,Comum
TRUE,87,Hop's Sandaconda,Criatura,https://repositorio.sbrauble.com//arquivos/in/pokemon_bkp/cd/654/67e5a93e14cae-xakzp-byqov-040edb458cc4e3c466bcacfea9a6defb.jpg,0.13,,Incomum
TRUE,88,Toedscool,Criatura,https://repositorio.sbrauble.com//arquivos/in/pokemon_bkp/cd/654/67e5a93fe05d4-zgm8n-7fxpd-040edb458cc4e3c466bcacfea9a6defb.jpg,0.13,,Comum
TRUE,89,Toedscruel,Criatura,https://repositorio.sbrauble.com//arquivos/in/pokemon_bkp/cd/654/67e5a94223a6e-q2rfe-x7o34-040edb458cc4e3c466bcacfea9a6defb.jpg,0.11,,Incomum
TRUE,90,Klawf,Criatura,https://repositorio.sbrauble.com//arquivos/in/pokemon_bkp/cd/654/67e5a94423505-ae021-mlztj-040edb458cc4e3c466bcacfea9a6defb.jpg,0.12,,Incomum
TRUE,91,Koffing,Criatura,https://repositorio.sbrauble.com//arquivos/in/pokemon_bkp/cd/654/67e5a9461f92f-ltduy-oct0v-040edb458cc4e3c466bcacfea9a6defb.jpg,0.14,,Comum
TRUE,92,Weezing,Criatura,https://repositorio.sbrauble.com//arquivos/in/pokemon_bkp/cd/654/67e5a947d1fd3-5k23g-ynjkc-040edb458cc4e3c466bcacfea9a6defb.jpg,0.13,,Incomum
TRUE,93,Wooper de Paldea,Criatura,https://repositorio.sbrauble.com//arquivos/in/pokemon_bkp/cd/654/67e5a94993774-s6hdf-6lze9-040edb458cc4e3c466bcacfea9a6defb.jpg,0.10,,Comum
TRUE,94,Clodsire de Paldea EX,Criatura,https://repositorio.sbrauble.com//arquivos/in/pokemon_bkp/cd/654/67e5a94b6aef9-7wa8v-j1nxp-040edb458cc4e3c466bcacfea9a6defb.jpg,3.73,,Dupla Rara
TRUE,95,Tyranitar,Criatura,https://repositorio.sbrauble.com//arquivos/in/pokemon_bkp/cd/654/67e5a94d31a47-7jrxa-qh80l-040edb458cc4e3c466bcacfea9a6defb.jpg,0.27,,Rara
TRUE,96,N's Purrloin,Criatura,https://repositorio.sbrauble.com//arquivos/in/pokemon_bkp/cd/654/67e5a94ef154e-vk26a-52ui3-040edb458cc4e3c466bcacfea9a6defb.jpg,0.15,,Comum
TRUE,97,N's Zorua,Criatura,https://repositorio.sbrauble.com//arquivos/in/pokemon_bkp/cd/654/67e5a950b385b-1rl2g-k8hda-040edb458cc4e3c466bcacfea9a6defb.jpg,0.10,,Comum
TRUE,98,N's Zoroark EX,Criatura,https://repositorio.sbrauble.com//arquivos/in/pokemon_bkp/cd/654/67e5a95286484-czugw-m8px3-040edb458cc4e3c466bcacfea9a6defb.jpg,31.9,,Dupla Rara
TRUE,99,Pangoro,Criatura,https://repositorio.sbrauble.com//arquivos/in/pokemon_bkp/cd/654/67e5a95453e6a-tu9oa-73rn1-040edb458cc4e3c466bcacfea9a6defb.jpg,0.08,,Incomum
TRUE,100,Lokix,Criatura,https://repositorio.sbrauble.com//arquivos/in/pokemon_bkp/cd/654/67e5a9561532a-3j75l-sv0nm-040edb458cc4e3c466bcacfea9a6defb.jpg,0.14,,Incomum
TRUE,101,Bombirdier,Criatura,https://repositorio.sbrauble.com//arquivos/in/pokemon_bkp/cd/654/67e5a957d52fd-xjg3s-9pjmv-040edb458cc4e3c466bcacfea9a6defb.jpg,0.11,,Comum
TRUE,102,Escavalier,Criatura,https://repositorio.sbrauble.com//arquivos/in/pokemon_bkp/cd/654/67e5a959c5d61-6bygx-2gkr6-040edb458cc4e3c466bcacfea9a6defb.jpg,0.11,,Incomum
TRUE,103,N's Klink,Criatura,https://repositorio.sbrauble.com//arquivos/in/pokemon_bkp/cd/654/67e5a95b97f0e-c9b8a-qv38n-040edb458cc4e3c466bcacfea9a6defb.jpg,0.11,,Comum
TRUE,104,N's Klang,Criatura,https://repositorio.sbrauble.com//arquivos/in/pokemon_bkp/cd/654/67e5a95d5b7af-4x02u-9r6xw-040edb458cc4e3c466bcacfea9a6defb.jpg,0.11,,Comum
TRUE,105,N's Klinklang,Criatura,https://repositorio.sbrauble.com//arquivos/in/pokemon_bkp/cd/654/67e5a95f33e85-gm9ps-hjtzv-040edb458cc4e3c466bcacfea9a6defb.jpg,0.14,,Incomum
TRUE,106,Stunfisk de Galar,Criatura,https://repositorio.sbrauble.com//arquivos/in/pokemon_bkp/cd/654/67e5a96101e63-3nic9-lp9wo-040edb458cc4e3c466bcacfea9a6defb.jpg,0.11,,Comum
TRUE,107,Magearna,Criatura,https://repositorio.sbrauble.com//arquivos/in/pokemon_bkp/cd/654/67e5a962bff64-16knq-hcwal-040edb458cc4e3c466bcacfea9a6defb.jpg,0.22,,Rara
TRUE,108,Hop's Corviknight,Criatura,https://repositorio.sbrauble.com//arquivos/in/pokemon_bkp/cd/654/67e5a9648381e-rkox0-y9p2o-040edb458cc4e3c466bcacfea9a6defb.jpg,0.13,,Incomum
TRUE,109,Cufant,Criatura,https://repositorio.sbrauble.com//arquivos/in/pokemon_bkp/cd/654/67e5a9664f9ef-cg2tr-5azku-040edb458cc4e3c466bcacfea9a6defb.jpg,0.10,,Comum
TRUE,110,Copperajah,Criatura,https://repositorio.sbrauble.com//arquivos/in/pokemon_bkp/cd/654/67e5a96815485-cu3px-zae5j-040edb458cc4e3c466bcacfea9a6defb.jpg,0.13,,Incomum
TRUE,111,Hop's Zacian EX,Criatura,https://repositorio.sbrauble.com//arquivos/in/pokemon_bkp/cd/654/67e5a969d4c61-hgrz0-k0rxh-040edb458cc4e3c466bcacfea9a6defb.jpg,9.90,,Dupla Rara
TRUE,112,Bagon,Criatura,https://repositorio.sbrauble.com//arquivos/in/pokemon_bkp/cd/654/67e5a96b96330-poy8s-t317a-040edb458cc4e3c466bcacfea9a6defb.jpg,0.01,,Comum
TRUE,113,Shelgon,Criatura,https://repositorio.sbrauble.com//arquivos/in/pokemon_bkp/cd/654/67e5a96d53b23-f32e4-ptbel-040edb458cc4e3c466bcacfea9a6defb.jpg,0.14,,Comum
TRUE,114,Salamance EX,Criatura,https://repositorio.sbrauble.com//arquivos/in/pokemon_bkp/cd/654/67e5a96f208db-fr1qy-jqynr-040edb458cc4e3c466bcacfea9a6defb.jpg,5.00,,Dupla Rara
TRUE,115,Druddigon,Criatura,https://repositorio.sbrauble.com//arquivos/in/pokemon_bkp/cd/654/67e5a970deef3-8lx5a-e7ptz-040edb458cc4e3c466bcacfea9a6defb.jpg,0.09,,Comum
TRUE,116,N's Reshiram,Criatura,https://repositorio.sbrauble.com//arquivos/in/pokemon_bkp/cd/654/67e5a972ab8be-6p3ev-3x9qm-040edb458cc4e3c466bcacfea9a6defb.jpg,0.21,,Rara
TRUE,117,Hop's Snorlax,Criatura,https://repositorio.sbrauble.com//arquivos/in/pokemon_bkp/cd/654/67e5a9747d2eb-57zia-a60xe-040edb458cc4e3c466bcacfea9a6defb.jpg,0.23,,Rara
TRUE,118,Sentret,Criatura,https://repositorio.sbrauble.com//arquivos/in/pokemon_bkp/cd/654/67e5a976466ac-r0p69-uo84p-040edb458cc4e3c466bcacfea9a6defb.jpg,0.08,,Comum
TRUE,119,Furret,Criatura,https://repositorio.sbrauble.com//arquivos/in/pokemon_bkp/cd/654/67e5a978468b5-h2nw9-0mx1z-040edb458cc4e3c466bcacfea9a6defb.jpg,0.09,,Comum
TRUE,120,Dunsparce,Criatura,https://repositorio.sbrauble.com//arquivos/in/pokemon_bkp/cd/654/67e5a97a07242-ce6fh-y1zxc-040edb458cc4e3c466bcacfea9a6defb.jpg,0.09,,Comum
TRUE,121,Dudunsparce EX,Criatura,https://repositorio.sbrauble.com//arquivos/in/pokemon_bkp/cd/654/67e5a97bc054e-jrekw-9h6qa-040edb458cc4e3c466bcacfea9a6defb.jpg,4.90,,Dupla Rara
TRUE,122,Kecleon,Criatura,https://repositorio.sbrauble.com//arquivos/in/pokemon_bkp/cd/654/67e5a97d85f96-qp59z-v4apq-040edb458cc4e3c466bcacfea9a6defb.jpg,0.09,,Comum
TRUE,123,Tropius,Criatura,https://repositorio.sbrauble.com//arquivos/in/pokemon_bkp/cd/654/67e5a97f43772-4k0rf-v6yl0-040edb458cc4e3c466bcacfea9a6defb.jpg,0.09,,Comum
TRUE,124,Audino,Criatura,https://repositorio.sbrauble.com//arquivos/in/pokemon_bkp/cd/654/67e5a981047e4-dae7p-tue45-040edb458cc4e3c466bcacfea9a6defb.jpg,0.08,,Comum
TRUE,125,Minnccino,Criatura,https://repositorio.sbrauble.com//arquivos/in/pokemon_bkp/cd/654/67e5ac8179b30-dmj5e-8dgoq-040edb458cc4e3c466bcacfea9a6defb.jpg,0.08,,Comum
TRUE,126,Cinccino,Criatura,https://repositorio.sbrauble.com//arquivos/in/pokemon_bkp/cd/654/67e5a9847c485-uzch0-odt2l-040edb458cc4e3c466bcacfea9a6defb.jpg,0.09,,Incomum
TRUE,127,Noibat,Criatura,https://repositorio.sbrauble.com//arquivos/in/pokemon_bkp/cd/654/67e5a9863f560-12snl-i24rw-040edb458cc4e3c466bcacfea9a6defb.jpg,0.04,,Comum
TRUE,128,Noivern,Criatura,https://repositorio.sbrauble.com//arquivos/in/pokemon_bkp/cd/654/67e5a98805117-nsuaw-r0cvs-040edb458cc4e3c466bcacfea9a6defb.jpg,0.15,,Rara
TRUE,129,Komala,Criatura,https://repositorio.sbrauble.com//arquivos/in/pokemon_bkp/cd/654/67e5a989c1876-a1k5j-xporn-040edb458cc4e3c466bcacfea9a6defb.jpg,0.10,,Comum
TRUE,130,Drampa,Criatura,https://repositorio.sbrauble.com//arquivos/in/pokemon_bkp/cd/654/67e5a98b819fe-sz1y8-imojv-040edb458cc4e3c466bcacfea9a6defb.jpg,0.08,,Comum
TRUE,131,Skwovet,Criatura,https://repositorio.sbrauble.com//arquivos/in/pokemon_bkp/cd/654/67e5a98d46f7c-2tdfa-nlhxw-040edb458cc4e3c466bcacfea9a6defb.jpg,0.06,,Comum
TRUE,132,Greedent,Criatura,https://repositorio.sbrauble.com//arquivos/in/pokemon_bkp/cd/654/67e5a98f04011-83iuk-h6ucp-040edb458cc4e3c466bcacfea9a6defb.jpg,0.08,,Incomum
TRUE,133,Hop's Rookidee,Criatura,https://repositorio.sbrauble.com//arquivos/in/pokemon_bkp/cd/654/67e5a990b75e7-86mrt-xiayh-040edb458cc4e3c466bcacfea9a6defb.jpg,0.04,,Comum
TRUE,134,Hop's Corvisquire,Criatura,https://repositorio.sbrauble.com//arquivos/in/pokemon_bkp/cd/654/67e5a992840ad-imnjd-079f2-040edb458cc4e3c466bcacfea9a6defb.jpg,0.08,,Comum
TRUE,135,Hop's Wooloo,Criatura,https://repositorio.sbrauble.com//arquivos/in/pokemon_bkp/cd/654/67e5a99458b57-t20ir-3xwva-040edb458cc4e3c466bcacfea9a6defb.jpg,0.05,,Comum
TRUE,136,Hop's Dubwool,Criatura,https://repositorio.sbrauble.com//arquivos/in/pokemon_bkp/cd/654/67e5a99624502-dh8s2-d1cxb-040edb458cc4e3c466bcacfea9a6defb.jpg,0.21,,Rara
TRUE,137,Cramorant,Criatura,https://repositorio.sbrauble.com//arquivos/in/pokemon_bkp/cd/654/67e5a997dec74-v1zj6-kr1gp-040edb458cc4e3c466bcacfea9a6defb.jpg,0.08,,Comum
TRUE,138,Hop's Cramorant,Criatura,https://repositorio.sbrauble.com//arquivos/in/pokemon_bkp/cd/654/67e5a999a12e9-3sn5p-6ifs8-040edb458cc4e3c466bcacfea9a6defb.jpg,0.07,,Incomum
TRUE,139,Lechonk,Criatura,https://repositorio.sbrauble.com//arquivos/in/pokemon_bkp/cd/654/67e5a99b6946c-yixdf-qh1g2-040edb458cc4e3c466bcacfea9a6defb.jpg,0.07,,Comum
TRUE,140,Oinkologne,Criatura,https://repositorio.sbrauble.com//arquivos/in/pokemon_bkp/cd/654/67e5a99d27650-tsjdg-eq6g0-040edb458cc4e3c466bcacfea9a6defb.jpg,0.08,,Incomum
TRUE,141,Squawkabilly,Criatura,https://repositorio.sbrauble.com//arquivos/in/pokemon_bkp/cd/654/67e5a99edcf9f-1kuyt-gj3ft-040edb458cc4e3c466bcacfea9a6defb.jpg,0.05,,Comum
TRUE,142,Billy & O'Nare,Apoiador,https://repositorio.sbrauble.com//arquivos/in/pokemon_bkp/cd/654/67e5a9a0a383a-ur8ax-h2p7r-040edb458cc4e3c466bcacfea9a6defb.jpg,0.13,,Comum
TRUE,143,Treino de Faixa Preta,Apoiador,https://repositorio.sbrauble.com//arquivos/in/pokemon_bkp/cd/654/67e5a9a2701e7-pqh3c-q6rpj-040edb458cc4e3c466bcacfea9a6defb.jpg,0.08,,Comum
TRUE,144,Treino de Faixa Preta,Apoiador,https://repositorio.sbrauble.com//arquivos/in/pokemon_bkp/cd/654/67e5a9a43c19f-qsypk-in8ep-040edb458cc4e3c466bcacfea9a6defb.jpg,0.14,,Comum
TRUE,145,Treino de Faixa Preta,Apoiador,https://repositorio.sbrauble.com//arquivos/in/pokemon_bkp/cd/654/67e5a9a5f15ab-usfbx-czgsx-040edb458cc4e3c466bcacfea9a6defb.jpg,0.17,,Comum
TRUE,146,Brock's Busca,Apoiador,https://repositorio.sbrauble.com//arquivos/in/pokemon_bkp/cd/654/67e5a9a7b7a7c-qwd5u-bqpky-040edb458cc4e3c466bcacfea9a6defb.jpg,0.19,,Incomum
TRUE,147,Hop's Bolsa,Item,https://repositorio.sbrauble.com//arquivos/in/pokemon_bkp/cd/654/67e5a9a97b371-mzve8-7503o-040edb458cc4e3c466bcacfea9a6defb.jpg,0.10,,Incomum
TRUE,148,Hop's Faixa da Escolha,Ferramenta,https://repositorio.sbrauble.com//arquivos/in/pokemon_bkp/cd/654/67e5a9ab56cf3-hfy42-ukghd-040edb458cc4e3c466bcacfea9a6defb.jpg,0.12,,Incomum
TRUE,149,Iris's Espírito de Luta,Apoiador,https://repositorio.sbrauble.com//arquivos/in/pokemon_bkp/cd/654/67e5a9ad1f96b-s2tca-zjm1p-040edb458cc4e3c466bcacfea9a6defb.jpg,0.11,,Incomum
TRUE,150,Levincia,Estádio,https://repositorio.sbrauble.com//arquivos/in/pokemon_bkp/cd/654/67e5a9aed3111-9vpn5-zgsxu-040edb458cc4e3c466bcacfea9a6defb.jpg,0.11,,Incomum
TRUE,151,Lillian's Pérola,Ferramenta,https://repositorio.sbrauble.com//arquivos/in/pokemon_bkp/cd/654/67e5a9b095a87-5ms0e-hoynk-040edb458cc4e3c466bcacfea9a6defb.jpg,0.09,,Incomum
TRUE,152,Castelo do N,Estádio,https://repositorio.sbrauble.com//arquivos/in/pokemon_bkp/cd/654/67e5a9b31fbb2-baldv-eto6z-040edb458cc4e3c466bcacfea9a6defb.jpg,0.10,,Incomum
TRUE,153,N's PP Up,Item,https://repositorio.sbrauble.com//arquivos/in/pokemon_bkp/cd/654/67e5a9b51db3d-zfklg-q9ur5-040edb458cc4e3c466bcacfea9a6defb.jpg,0.11,,Incomum
TRUE,154,Postwick,Estádio,https://repositorio.sbrauble.com//arquivos/in/pokemon_bkp/cd/654/67e5a9b720158-i05tk-camif-040edb458cc4e3c466bcacfea9a6defb.jpg,0.11,,Incomum
TRUE,155,Pesquisa de Professores,Apoiador,https://repositorio.sbrauble.com//arquivos/in/pokemon_bkp/cd/654/67e5a9b91cd7f-z8c3r-4l08y-040edb458cc4e3c466bcacfea9a6defb.jpg,0.14,,Comum
TRUE,156,Ingresso Resgatável,Item,https://repositorio.sbrauble.com//arquivos/in/pokemon_bkp/cd/654/67e5a9bb1e9b0-gvck5-ngs9u-040edb458cc4e3c466bcacfea9a6defb.jpg,0.13,,Incomum
TRUE,157,Bardeneiro,Apoiador,https://repositorio.sbrauble.com//arquivos/in/pokemon_bkp/cd/654/67e5a9bd1bd2a-qvfwc-bgfd8-040edb458cc4e3c466bcacfea9a6defb.jpg,0.12,,Incomum
TRUE,158,Superpoção,Item,https://repositorio.sbrauble.com//arquivos/in/pokemon_bkp/cd/654/67e5a9bf1c6cf-2d3wb-so8q9-040edb458cc4e3c466bcacfea9a6defb.jpg,0.13,,Incomum
TRUE,159,Energia Espinhosa,Energia,https://repositorio.sbrauble.com//arquivos/in/pokemon_bkp/cd/654/67e5a9c7441cf-5f2s6-4qolc-040edb458cc4e3c466bcacfea9a6defb.jpg,0.14,,Incomum